last_updated,title,url
,Kevin Bacon,https://en.wikipedia.org/wiki/Kevin_Bacon
, (film),https://en.wikipedia.org/wiki/Mystic_River_(film)
, (film),https://en.wikipedia.org/wiki/Apollo_13_(film)
,"Crazy, Stupid, Love","https://en.wikipedia.org/wiki/Crazy,_Stupid,_Love"
, (1990 film),https://en.wikipedia.org/wiki/Tremors_(1990_film)
, (1982 film),https://en.wikipedia.org/wiki/Diner_(1982_film)
, (2004 film),https://en.wikipedia.org/wiki/The_Woodsman_(2004_film)
, (film),https://en.wikipedia.org/wiki/Balto_(film)
,A Few Good Men,https://en.wikipedia.org/wiki/A_Few_Good_Men
,Sleepers,https://en.wikipedia.org/wiki/Sleepers
,Animal House,https://en.wikipedia.org/wiki/Animal_House
, (1984 film),https://en.wikipedia.org/wiki/Footloose_(1984_film)
,WorldCat,https://en.wikipedia.org/wiki/WorldCat_Identities_(identifier)
, (film),https://en.wikipedia.org/wiki/JFK_(film)
,Michael Bacon (musician),https://en.wikipedia.org/wiki/Michael_Bacon_(musician)
,Holly Near,https://en.wikipedia.org/wiki/Holly_Near
,HBO Films,https://en.wikipedia.org/wiki/HBO_Films
,Edmund Bacon (architect),https://en.wikipedia.org/wiki/Edmund_Bacon_(architect)
,Main Page,https://en.wikipedia.org/wiki/Main_Page
